"EmployeeNumber","YearsAtCompany","YearsInCurrentRole","YearsSinceLastPromotion","YearsWithCurrManager","TotalWorkingYears","TrainingTimesLastYear","NumCompaniesWorked"
"162","20","18","15","15","23","5","7"
"259","33","18","11","9","34","5","0"
"319","22","17","11","15","22","3","1"
"1443","20","17","5","6","26","2","3"
"1863","19","17","2","8","25","5","2"
"1900","22","17","4","7","24","3","3"
"81","21","16","7","9","28","3","7"
"387","20","16","11","6","20","3","1"
"625","18","16","11","8","22","2","7"
"999","18","16","0","11","21","2","2"
"1035","21","16","5","10","21","3","1"
"1373","19","16","15","9","33","0","4"
"2015","18","16","1","11","20","3","3"
"58","22","15","15","8","23","0","1"
"254","24","15","2","15","36","3","8"
"558","20","15","1","12","21","2","0"
"825","31","15","13","8","40","2","7"
"1204","26","15","15","9","28","2","8"
"1621","16","15","1","10","16","2","1"
"1628","18","15","14","12","18","2","1"
"1712","23","15","14","4","25","3","3"
"73","15","14","8","12","15","1","1"
"83","17","14","12","8","17","2","1"
"820","26","14","3","0","26","3","1"
"857","18","14","4","11","18","1","1"
"880","17","14","5","15","17","2","1"
"1038","32","14","6","9","33","3","1"
"1294","16","14","5","12","18","2","9"
"1549","15","14","5","7","15","3","1"
"1774","15","14","0","7","15","3","1"
"1815","22","14","13","5","23","3","0"
"1993","17","14","12","11","25","3","2"
"32","14","13","4","8","26","3","4"
"100","15","13","2","8","16","2","0"
"138","16","13","2","10","16","3","1"
"244","24","13","15","7","24","2","1"
"327","17","13","1","9","22","3","5"
"373","15","13","10","11","16","4","0"
"573","18","13","13","11","22","5","4"
"729","18","13","1","12","20","2","5"
"830","14","13","6","8","14","3","1"
"957","18","13","2","17","20","3","2"
"981","17","13","15","2","22","3","6"
"1042","17","13","15","14","18","1","1"
"1080","16","13","1","7","19","2","8"
"1995","15","13","5","8","16","3","0"
"145","13","12","12","8","23","1","3"
"158","25","12","4","12","25","3","1"
"391","17","12","5","7","17","3","1"
"436","13","12","11","9","13","2","1"
"950","15","12","5","11","15","3","1"
"1527","13","12","5","1","23","2","8"
"1639","13","12","6","0","15","3","9"
"1866","16","12","6","14","21","2","7"
"2026","13","12","1","9","13","2","1"
"2036","15","12","11","11","15","4","1"
"107","13","11","1","9","17","3","7"
"170","15","11","5","11","16","2","1"
"182","15","11","5","9","17","1","4"
"215","12","11","2","11","15","2","7"
"304","13","11","3","7","16","3","8"
"529","13","11","10","7","15","2","3"
"691","17","11","11","8","17","3","1"
"692","13","11","4","7","15","2","3"
"1005","12","11","1","5","22","2","3"
"1024","15","11","4","8","27","3","7"
"1039","12","11","11","11","23","2","3"
"1225","20","11","13","17","20","3","1"
"1375","12","11","11","8","15","0","5"
"1383","14","11","4","11","14","2","1"
"1630","14","11","2","9","15","5","1"
"1656","14","11","1","11","19","3","5"
"1661","15","11","2","12","30","3","2"
"1668","13","11","2","9","19","4","7"
"1698","14","11","2","13","14","6","1"
"1827","22","11","14","10","28","4","8"
"1937","20","11","0","7","20","3","1"
"2017","16","11","6","8","16","2","1"
"117","11","10","10","8","11","3","1"
"131","37","10","1","8","38","1","0"
"153","11","10","5","8","14","6","2"
"165","40","10","15","6","40","3","1"
"307","16","10","5","13","17","6","0"
"312","11","10","4","1","11","5","1"
"374","36","10","4","13","37","2","0"
"410","22","10","0","4","22","2","1"
"417","18","10","3","7","19","5","0"
"461","11","10","2","9","12","3","0"
"520","25","10","3","9","25","3","1"
"524","13","10","3","12","13","5","1"
"569","27","10","15","7","28","2","0"
"899","13","10","4","8","16","2","3"
"987","19","10","2","7","20","3","1"
"1014","16","10","10","1","16","3","1"
"1092","11","10","11","1","14","6","4"
"1117","15","10","4","12","15","2","1"
"1238","14","10","4","10","15","5","0"
"1257","11","10","0","7","12","2","1"
"1277","24","10","1","11","26","2","2"
"1282","29","10","11","10","31","5","4"
"1541","11","10","5","7","12","4","0"
"1666","14","10","6","11","14","3","1"
"1696","15","10","4","13","15","3","1"
"1805","11","10","3","8","13","3","5"
"1867","22","10","12","9","29","3","4"
"1932","15","10","6","11","16","3","1"
"2016","14","10","5","7","14","3","1"
"20","10","9","8","8","10","1","1"
"124","10","9","9","5","21","5","2"
"184","11","9","4","7","12","2","0"
"206","17","9","0","15","20","2","8"
"228","10","9","7","4","12","2","2"
"239","12","9","6","10","12","4","1"
"256","10","9","1","9","10","2","1"
"296","10","9","4","7","16","5","5"
"339","11","9","5","9","13","3","6"
"406","11","9","6","9","12","3","0"
"425","24","9","9","11","24","2","1"
"429","21","9","11","10","21","3","1"
"442","10","9","8","9","10","2","1"
"444","21","9","13","3","21","2","1"
"452","10","9","9","8","12","3","9"
"456","10","9","1","2","10","2","1"
"462","11","9","4","10","11","2","1"
"481","13","9","1","12","16","2","4"
"513","10","9","9","0","10","2","1"
"597","10","9","7","7","37","2","3"
"600","11","9","6","9","15","2","9"
"605","10","9","5","8","10","5","1"
"630","10","9","6","9","18","3","3"
"638","31","9","0","9","31","5","1"
"683","10","9","8","8","10","4","1"
"780","10","9","7","8","10","2","1"
"817","13","9","3","7","14","3","0"
"901","12","9","3","8","33","0","6"
"944","26","9","1","7","29","3","4"
"984","10","9","0","8","12","2","6"
"1088","19","9","1","9","20","4","0"
"1124","12","9","4","9","23","3","3"
"1133","11","9","0","9","18","0","2"
"1167","21","9","13","14","22","2","0"
"1184","13","9","4","9","14","3","0"
"1241","11","9","5","7","12","2","0"
"1250","10","9","0","9","36","2","3"
"1252","10","9","1","8","10","2","1"
"1267","22","9","3","10","26","5","7"
"1278","33","9","15","0","34","3","1"
"1288","25","9","14","13","26","4","1"
"1289","10","9","1","8","14","5","4"
"1307","19","9","15","2","21","4","6"
"1336","19","9","9","11","23","5","4"
"1352","33","9","0","10","33","2","1"
"1360","10","9","5","9","31","0","7"
"1363","10","9","0","8","11","2","1"
"1419","10","9","0","9","10","3","1"
"1478","13","9","3","12","15","2","3"
"1480","12","9","5","8","12","3","1"
"1483","12","9","2","8","13","2","0"
"1489","15","9","10","10","16","2","0"
"1520","14","9","1","12","26","2","3"
"1535","10","9","8","6","10","3","1"
"1586","10","9","1","5","10","3","1"
"1596","10","9","6","8","10","3","1"
"1667","11","9","6","7","13","2","3"
"1701","10","9","8","7","10","3","1"
"1706","10","9","8","8","10","3","1"
"1824","16","9","14","14","37","0","4"
"1880","10","9","1","7","10","4","1"
"1971","10","9","0","9","10","1","1"
"1973","10","9","1","4","35","0","4"
"1976","20","9","3","7","20","2","1"
"1985","10","9","9","4","10","2","1"
"2032","10","9","9","8","14","4","8"
"2056","20","9","9","6","21","2","0"
"23","25","8","3","7","31","3","2"
"56","9","8","1","7","9","0","1"
"57","12","8","3","7","12","2","1"
"74","9","8","1","8","9","3","1"
"78","9","8","7","8","9","3","1"
"104","10","8","3","0","10","1","1"
"118","9","8","4","7","9","3","1"
"121","11","8","2","7","11","4","1"
"125","11","8","5","7","12","0","1"
"204","10","8","0","6","10","3","1"
"207","9","8","3","7","9","2","1"
"227","9","8","1","8","13","2","4"
"253","20","8","9","9","21","2","1"
"264","20","8","11","8","22","1","9"
"291","14","8","9","8","14","2","1"
"292","11","8","5","8","12","2","1"
"306","10","8","0","7","10","1","1"
"311","9","8","5","8","13","2","4"
"335","9","8","4","7","9","3","1"
"419","9","8","0","8","11","3","7"
"420","13","8","4","8","13","3","1"
"421","10","8","0","1","19","2","3"
"441","10","8","1","9","11","2","1"
"531","21","8","1","6","21","3","1"
"549","29","8","11","10","33","5","5"
"567","9","8","7","8","10","3","0"
"581","13","8","0","8","13","6","1"
"702","10","8","9","7","10","3","1"
"716","20","8","3","8","20","3","1"
"772","10","8","4","7","10","2","1"
"836","9","8","7","8","10","3","1"
"840","9","8","7","7","9","3","1"
"844","9","8","0","8","9","3","1"
"855","9","8","0","8","9","5","1"
"867","9","8","0","0","31","3","3"
"889","10","8","5","3","10","3","1"
"924","16","8","4","11","17","2","0"
"947","9","8","0","0","9","2","1"
"958","11","8","3","9","16","6","4"
"976","9","8","7","8","26","2","2"
"992","10","8","6","0","10","2","1"
"1002","9","8","0","8","9","2","1"
"1073","14","8","7","8","15","2","0"
"1138","9","8","2","3","22","3","6"
"1165","11","8","3","10","11","3","1"
"1192","10","8","0","8","10","5","1"
"1196","14","8","3","11","14","2","1"
"1268","9","8","0","8","10","3","0"
"1285","11","8","5","10","15","2","4"
"1315","9","8","7","5","10","6","0"
"1324","10","8","9","6","10","5","1"
"1334","20","8","2","10","21","3","0"
"1346","9","8","8","8","9","4","1"
"1356","10","8","9","6","10","6","1"
"1423","9","8","1","5","32","3","3"
"1459","10","8","4","7","10","2","1"
"1468","9","8","4","8","16","5","2"
"1472","9","8","8","8","35","2","4"
"1485","14","8","6","9","16","3","7"
"1529","11","8","3","3","11","3","1"
"1543","10","8","3","7","10","2","1"
"1547","20","8","13","9","24","3","2"
"1553","10","8","7","7","10","4","1"
"1562","10","8","6","7","10","4","1"
"1582","9","8","7","7","10","3","0"
"1606","30","8","12","13","32","3","2"
"1627","10","8","0","7","11","3","0"
"1658","11","8","7","9","11","2","1"
"1665","10","8","4","7","36","6","3"
"1708","10","8","8","7","10","3","1"
"1737","9","8","5","8","9","2","1"
"1740","21","8","12","8","21","3","1"
"1771","9","8","1","7","11","2","5"
"1790","12","8","5","7","15","1","7"
"1798","10","8","7","6","14","1","6"
"1823","10","8","4","8","10","5","1"
"1852","11","8","3","10","11","3","1"
"1857","9","8","4","7","12","4","3"
"1864","9","8","5","8","9","5","1"
"1881","10","8","0","2","10","2","1"
"1888","9","8","3","8","10","2","0"
"1950","14","8","2","1","14","3","1"
"1956","10","8","8","7","10","6","1"
"1962","10","8","0","9","10","2","1"
"1975","20","8","11","10","21","3","0"
"1986","11","8","5","10","15","4","3"
"1989","12","8","1","7","12","6","1"
"2000","13","8","5","12","14","3","0"
"2019","9","8","0","0","16","3","2"
"2","10","7","1","7","10","3","1"
"5","8","7","3","0","8","3","1"
"8","7","7","3","6","8","2","0"
"12","9","7","1","8","10","2","0"
"13","7","7","7","7","17","3","6"
"35","9","7","4","2","10","2","0"
"76","7","7","1","7","10","3","3"
"98","11","7","1","8","11","2","1"
"120","10","7","1","0","11","2","0"
"147","9","7","0","6","9","3","1"
"154","9","7","2","8","10","6","0"
"159","10","7","0","9","10","2","1"
"160","7","7","0","7","8","2","0"
"163","7","7","7","7","12","3","4"
"176","9","7","0","7","12","2","3"
"177","8","7","5","7","8","3","1"
"195","8","7","0","7","9","2","0"
"202","20","7","2","13","20","2","1"
"205","7","7","4","5","13","3","2"
"208","10","7","0","9","10","1","1"
"238","8","7","7","2","13","3","4"
"252","8","7","1","6","8","5","1"
"258","7","7","1","0","21","6","3"
"260","7","7","0","3","7","2","1"
"267","8","7","1","7","8","3","1"
"273","7","7","1","7","9","3","3"
"275","7","7","1","7","7","0","1"
"293","7","7","0","7","7","2","1"
"302","19","7","12","8","23","2","6"
"314","10","7","0","8","10","3","1"
"328","9","7","1","7","13","3","7"
"329","33","7","15","12","33","2","1"
"352","21","7","3","9","22","5","0"
"361","8","7","7","5","13","0","3"
"363","7","7","7","7","28","2","3"
"372","20","7","4","10","21","2","0"
"376","10","7","9","9","10","2","1"
"381","7","7","6","2","10","6","7"
"388","10","7","0","9","10","3","1"
"389","10","7","0","8","12","4","3"
"401","8","7","7","4","8","0","1"
"416","8","7","7","7","10","3","4"
"430","8","7","1","7","9","5","0"
"438","7","7","1","7","13","3","4"
"439","7","7","0","7","10","0","7"
"446","7","7","0","1","9","6","3"
"448","9","7","0","0","9","3","1"
"454","7","7","0","7","7","4","1"
"458","8","7","0","7","8","3","1"
"463","7","7","1","7","7","2","1"
"474","7","7","6","7","13","2","4"
"476","8","7","7","7","8","3","1"
"483","7","7","1","7","10","3","3"
"488","8","7","7","7","8","5","1"
"500","7","7","0","7","18","2","4"
"515","18","7","12","17","18","2","1"
"532","7","7","7","7","36","0","9"
"534","10","7","0","7","10","2","1"
"550","10","7","0","8","19","5","2"
"571","11","7","6","7","12","2","0"
"586","8","7","0","0","10","2","4"
"595","9","7","6","7","14","2","2"
"606","8","7","3","7","9","3","0"
"608","7","7","1","0","8","2","0"
"616","8","7","0","7","10","3","2"
"621","10","7","5","7","10","3","1"
"653","7","7","5","7","13","4","4"
"663","8","7","4","7","10","3","3"
"682","14","7","8","10","18","2","7"
"689","10","7","7","8","10","2","1"
"698","9","7","7","1","16","1","2"
"709","7","7","0","5","8","2","0"
"710","10","7","2","8","10","5","1"
"717","8","7","7","7","9","3","1"
"721","20","7","11","10","20","4","1"
"722","10","7","0","8","10","2","1"
"724","9","7","1","8","10","4","0"
"725","9","7","0","7","9","3","1"
"727","7","7","7","7","10","6","3"
"728","7","7","1","7","20","2","2"
"733","9","7","1","7","9","4","1"
"734","22","7","2","10","22","3","1"
"741","7","7","3","7","10","4","7"
"742","8","7","0","5","10","2","9"
"747","8","7","7","7","10","2","7"
"762","10","7","1","1","30","1","7"
"783","8","7","3","1","9","3","0"
"789","10","7","0","9","10","1","1"
"793","8","7","1","1","11","3","4"
"803","15","7","4","12","17","2","6"
"807","8","7","3","7","8","2","1"
"809","24","7","14","9","24","4","1"
"823","9","7","0","5","10","2","0"
"824","10","7","0","7","10","3","1"
"842","9","7","7","3","12","3","4"
"846","8","7","7","5","8","2","1"
"848","8","7","1","7","8","2","1"
"913","8","7","7","1","8","0","1"
"927","7","7","1","0","10","1","4"
"941","7","7","5","2","13","2","3"
"956","7","7","0","7","7","2","1"
"961","9","7","8","5","10","2","0"
"966","8","7","6","3","8","2","1"
"967","16","7","3","7","16","6","1"
"972","9","7","0","8","9","5","1"
"985","8","7","0","7","9","3","0"
"990","7","7","0","7","12","3","4"
"1007","8","7","0","7","13","3","6"
"1013","10","7","0","8","22","2","8"
"1015","8","7","1","7","9","4","0"
"1018","8","7","1","3","8","2","1"
"1034","8","7","6","7","17","3","3"
"1040","18","7","0","13","19","3","0"
"1046","8","7","7","7","10","2","9"
"1050","15","7","6","12","30","2","2"
"1066","7","7","7","5","8","3","1"
"1074","9","7","6","2","31","3","7"
"1082","10","7","1","9","10","2","1"
"1097","8","7","1","7","10","4","3"
"1100","8","7","4","7","9","2","0"
"1101","13","7","3","8","14","4","1"
"1106","7","7","5","6","7","3","1"
"1119","8","7","2","7","9","2","0"
"1121","9","7","1","7","10","3","0"
"1126","8","7","0","1","18","1","8"
"1127","18","7","11","5","21","4","7"
"1128","20","7","4","9","21","2","1"
"1150","10","7","1","2","10","2","1"
"1166","18","7","2","13","20","3","9"
"1177","8","7","0","7","8","2","1"
"1182","7","7","6","4","15","2","2"
"1201","7","7","4","7","26","6","3"
"1218","7","7","1","7","15","2","3"
"1220","10","7","0","1","10","3","1"
"1221","7","7","1","7","7","4","1"
"1224","10","7","8","9","10","4","1"
"1233","11","7","1","9","12","3","0"
"1235","8","7","0","7","10","2","4"
"1237","7","7","7","7","17","2","2"
"1244","9","7","6","8","9","3","1"
"1255","8","7","0","7","25","2","3"
"1264","7","7","1","7","9","2","3"
"1283","9","7","5","4","25","6","6"
"1293","21","7","15","17","23","3","3"
"1295","10","7","0","5","10","2","1"
"1299","7","7","7","7","10","2","3"
"1304","10","7","0","8","10","4","1"
"1312","7","7","1","7","10","0","3"
"1319","8","7","7","7","10","2","9"
"1322","8","7","1","7","9","6","0"
"1344","9","7","1","6","10","0","0"
"1355","7","7","1","7","11","3","3"
"1362","15","7","6","13","17","2","2"
"1369","9","7","0","0","10","0","0"
"1372","19","7","3","8","24","2","6"
"1377","8","7","7","7","10","1","4"
"1402","20","7","1","8","20","3","1"
"1408","20","7","0","9","21","5","0"
"1417","7","7","0","7","8","2","0"
"1421","8","7","7","7","9","1","0"
"1422","20","7","12","7","29","3","6"
"1424","7","7","0","0","31","4","2"
"1449","8","7","0","7","11","2","3"
"1453","13","7","9","9","13","5","1"
"1457","7","7","4","3","28","1","4"
"1460","7","7","0","7","24","2","2"
"1484","8","7","0","7","29","3","3"
"1497","10","7","0","4","10","3","1"
"1522","9","7","0","7","11","2","6"
"1544","7","7","0","7","9","3","3"
"1550","21","7","7","7","21","2","1"
"1557","8","7","7","7","18","2","8"
"1572","33","7","1","9","34","4","0"
"1608","22","7","1","10","23","4","0"
"1611","10","7","1","4","10","3","1"
"1612","10","7","4","5","10","2","1"
"1615","9","7","7","2","9","3","1"
"1618","7","7","7","7","10","3","2"
"1619","7","7","0","7","7","3","1"
"1635","10","7","3","9","10","3","1"
"1642","10","7","0","2","14","3","4"
"1653","7","7","0","7","7","6","1"
"1677","8","7","0","0","23","2","4"
"1691","9","7","7","7","19","3","2"
"1693","7","7","5","7","7","5","1"
"1703","8","7","6","7","9","2","1"
"1710","13","7","6","7","17","2","3"
"1727","10","7","0","9","19","3","6"
"1728","7","7","0","7","17","3","2"
"1745","9","7","0","7","10","2","0"
"1754","7","7","1","7","12","2","2"
"1756","11","7","1","7","13","2","8"
"1764","7","7","0","7","12","3","2"
"1778","9","7","1","8","10","5","0"
"1784","12","7","5","7","13","3","1"
"1797","10","7","7","7","10","2","1"
"1804","7","7","1","7","15","6","2"
"1816","7","7","0","2","9","3","9"
"1821","9","7","3","7","13","2","4"
"1845","8","7","5","7","10","3","4"
"1849","7","7","7","7","7","5","1"
"1869","8","7","0","7","14","2","5"
"1892","19","7","11","16","22","3","2"
"1898","8","7","0","7","9","5","0"
"1911","13","7","5","7","18","3","9"
"1918","7","7","7","7","8","3","0"
"1927","7","7","0","7","7","2","1"
"1934","8","7","1","7","16","4","8"
"1951","8","7","1","1","9","2","1"
"1952","7","7","7","6","8","6","0"
"1965","7","7","0","7","7","5","1"
"1967","10","7","0","8","10","4","1"
"1970","9","7","2","8","9","2","1"
"1979","11","7","4","8","13","2","4"
"2008","10","7","0","8","10","5","1"
"2009","9","7","8","1","10","6","0"
"2014","7","7","1","7","18","2","7"
"2024","9","7","3","4","10","2","0"
"2034","20","7","0","10","21","3","0"
"2035","8","7","1","7","8","2","1"
"2041","10","7","1","9","10","1","1"
"2062","7","7","1","7","9","5","4"
"28","12","6","2","11","13","4","0"
"36","22","6","5","17","24","4","3"
"62","9","6","0","8","14","4","4"
"199","7","6","7","7","21","2","4"
"343","19","6","11","8","20","1","0"
"351","9","6","7","8","10","4","0"
"428","10","6","8","8","12","2","6"
"464","16","6","0","13","17","5","0"
"582","7","6","7","7","15","2","7"
"601","20","6","5","13","22","3","7"
"731","21","6","12","6","23","2","3"
"764","7","6","0","7","9","2","8"
"776","34","6","1","16","34","3","1"
"851","20","6","4","17","29","2","2"
"903","7","6","7","7","8","2","0"
"905","31","6","14","7","31","3","1"
"942","10","6","0","7","10","2","1"
"1026","21","6","11","8","21","3","1"
"1043","21","6","2","8","21","2","1"
"1085","10","6","0","8","10","3","1"
"1098","20","6","3","6","24","1","9"
"1109","22","6","13","7","23","3","0"
"1118","8","6","4","0","18","4","7"
"1152","7","6","5","0","7","2","1"
"1314","7","6","5","7","10","3","6"
"1350","9","6","1","1","9","3","1"
"1514","8","6","1","7","8","2","1"
"1523","20","6","14","17","24","1","3"
"1539","32","6","13","9","32","2","1"
"1578","36","6","2","13","36","3","1"
"1588","7","6","7","6","11","3","2"
"1617","9","6","1","4","10","3","1"
"1719","21","6","8","6","21","2","1"
"1732","10","6","0","3","13","5","4"
"1870","7","6","7","3","8","2","0"
"2031","22","6","4","14","24","2","5"
"2065","9","6","0","8","17","3","2"
"15","9","5","0","8","10","3","0"
"60","9","5","8","7","10","2","0"
"77","7","5","0","7","7","2","1"
"85","6","5","0","3","6","3","1"
"192","6","5","0","3","9","2","5"
"346","6","5","1","5","6","1","1"
"384","6","5","1","4","6","6","1"
"498","7","5","0","7","7","1","1"
"551","6","5","0","4","7","4","0"
"604","6","5","0","5","10","2","4"
"623","6","5","1","2","12","3","4"
"626","9","5","7","7","9","6","1"
"635","6","5","4","3","8","2","6"
"639","6","5","1","4","6","3","1"
"644","32","5","10","7","32","2","1"
"649","6","5","1","3","6","3","1"
"714","6","5","0","4","6","3","1"
"781","6","5","1","4","6","5","1"
"786","6","5","1","4","6","5","1"
"804","6","5","1","3","6","3","1"
"845","8","5","1","6","17","3","3"
"856","6","5","1","1","6","3","1"
"998","6","5","1","2","6","2","1"
"1120","7","5","1","7","11","1","4"
"1143","7","5","1","1","8","2","0"
"1163","6","5","1","3","6","3","1"
"1216","6","5","3","3","6","2","1"
"1246","10","5","7","7","10","5","1"
"1251","6","5","0","1","6","2","1"
"1275","8","5","2","2","8","2","1"
"1438","6","5","1","2","17","2","7"
"1440","6","5","1","3","7","2","0"
"1574","6","5","1","2","9","3","4"
"1671","9","5","1","6","10","4","0"
"1681","6","5","1","2","7","2","1"
"1716","23","5","14","10","25","3","7"
"1","6","4","0","5","8","0","8"
"14","5","4","0","3","6","5","0"
"94","5","4","0","4","6","3","0"
"96","10","4","0","9","10","3","1"
"105","6","4","0","4","6","3","1"
"112","6","4","0","2","37","3","4"
"129","5","4","0","4","5","3","1"
"142","6","4","0","3","6","1","1"
"161","5","4","4","3","7","2","9"
"164","5","4","4","3","5","3","1"
"190","5","4","0","4","10","2","7"
"194","5","4","0","4","5","4","1"
"226","5","4","4","4","21","5","3"
"231","5","4","1","4","8","2","3"
"240","5","4","0","3","9","3","4"
"262","5","4","2","2","7","3","4"
"283","10","4","1","9","10","3","1"
"308","5","4","1","4","6","2","0"
"325","5","4","0","4","8","2","5"
"355","5","4","1","4","6","2","0"
"378","5","4","0","1","7","5","4"
"385","10","4","1","6","28","4","3"
"404","20","4","4","8","23","2","5"
"437","5","4","0","4","5","3","1"
"449","5","4","1","4","6","0","0"
"466","5","4","1","2","8","3","6"
"486","5","4","0","3","17","3","6"
"492","6","4","1","0","8","6","2"
"505","5","4","1","2","30","2","2"
"510","6","4","0","4","7","2","0"
"516","5","4","1","3","8","5","7"
"527","5","4","1","3","5","3","1"
"533","5","4","4","4","6","6","0"
"543","5","4","0","4","28","4","2"
"547","5","4","0","2","19","3","2"
"548","5","4","0","2","11","2","2"
"577","5","4","4","3","6","2","0"
"613","5","4","0","1","10","3","9"
"620","5","4","0","3","5","3","1"
"645","7","4","0","6","7","1","1"
"679","6","4","0","5","6","2","1"
"785","5","4","1","3","8","2","4"
"861","5","4","0","3","10","3","9"
"864","5","4","0","2","18","2","4"
"878","5","4","0","3","6","3","0"
"895","6","4","0","2","8","2","3"
"900","5","4","0","0","10","3","5"
"909","5","4","0","4","13","2","8"
"936","5","4","0","3","10","6","7"
"982","8","4","7","7","10","2","5"
"997","5","4","1","3","32","1","9"
"1048","6","4","0","4","14","1","3"
"1070","9","4","7","0","13","4","6"
"1071","5","4","0","3","18","4","2"
"1116","5","4","2","1","27","3","2"
"1132","5","4","0","3","9","2","9"
"1164","5","4","1","4","6","2","1"
"1171","6","4","1","5","9","3","7"
"1200","6","4","0","2","6","4","1"
"1202","5","4","1","3","6","2","0"
"1207","5","4","1","4","5","2","1"
"1245","5","4","1","4","33","2","7"
"1280","11","4","0","8","26","2","2"
"1298","8","4","1","7","10","3","7"
"1309","10","4","1","1","10","3","1"
"1318","5","4","1","0","9","2","2"
"1374","5","4","0","0","5","2","1"
"1390","5","4","1","4","8","2","3"
"1394","6","4","1","3","8","2","7"
"1395","5","4","1","2","8","2","6"
"1397","6","4","0","5","13","2","3"
"1409","5","4","0","4","12","2","9"
"1425","5","4","0","1","15","3","3"
"1435","10","4","1","8","10","2","1"
"1445","5","4","0","3","5","3","1"
"1447","5","4","0","2","7","2","5"
"1469","5","4","1","3","6","4","0"
"1502","5","4","0","2","8","5","8"
"1503","5","4","1","2","11","4","3"
"1534","5","4","1","0","15","3","3"
"1546","5","4","0","3","8","3","4"
"1548","8","4","7","1","9","5","0"
"1590","6","4","1","3","6","0","1"
"1598","5","4","1","2","5","2","1"
"1599","6","4","0","2","8","0","5"
"1609","6","4","1","1","6","3","1"
"1638","5","4","0","2","10","6","3"
"1640","8","4","7","7","8","2","1"
"1654","5","4","1","0","7","3","4"
"1664","5","4","0","4","13","3","6"
"1684","5","4","1","2","5","2","1"
"1704","5","4","1","4","6","2","0"
"1736","5","4","1","4","9","3","2"
"1782","5","4","0","4","5","3","1"
"1826","5","4","0","3","6","2","0"
"1829","7","4","7","7","15","3","2"
"1850","5","4","0","2","6","3","0"
"1909","5","4","1","4","14","3","5"
"1924","10","4","0","9","10","2","1"
"1941","5","4","4","3","28","3","3"
"1949","5","4","0","2","5","3","1"
"2037","5","4","0","4","14","5","2"
"2054","5","4","0","4","5","3","1"
"2057","9","4","1","7","10","2","0"
"27","5","3","0","3","10","4","7"
"46","5","3","1","4","6","3","1"
"52","5","3","1","3","10","3","2"
"68","4","3","1","3","9","2","5"
"79","10","3","9","9","10","2","1"
"80","27","3","13","8","29","2","5"
"91","4","3","1","3","20","2","7"
"119","22","3","11","11","22","3","1"
"126","4","3","0","3","16","5","9"
"141","8","3","0","7","28","1","3"
"148","5","3","4","4","23","3","2"
"150","5","3","1","2","6","2","0"
"152","5","3","1","3","12","3","2"
"198","5","3","1","2","6","3","0"
"216","4","3","1","2","6","3","6"
"223","5","3","1","4","12","2","3"
"230","8","3","0","7","12","2","4"
"248","4","3","0","2","4","5","1"
"270","5","3","0","2","11","5","2"
"277","5","3","2","0","5","4","1"
"299","6","3","0","1","9","5","5"
"315","4","3","0","1","4","3","1"
"330","4","3","1","2","6","5","2"
"369","6","3","1","5","6","2","1"
"386","5","3","1","3","21","5","3"
"390","5","3","3","3","5","3","1"
"395","5","3","0","2","5","3","1"
"412","8","3","0","7","9","2","0"
"422","5","3","1","2","12","2","2"
"434","4","3","1","2","4","2","1"
"450","4","3","0","3","20","4","3"
"453","4","3","0","2","6","2","2"
"469","4","3","0","2","4","3","1"
"491","4","3","1","3","20","2","6"
"554","5","3","1","4","6","4","1"
"562","5","3","1","4","9","3","4"
"579","7","3","5","7","14","3","3"
"584","4","3","1","3","8","2","7"
"592","10","3","9","7","10","3","1"
"599","14","3","1","10","16","3","7"
"602","8","3","0","7","8","3","1"
"641","5","3","1","4","6","5","1"
"647","6","3","1","2","6","4","1"
"655","5","3","0","3","6","5","0"
"667","4","3","0","2","5","3","0"
"723","4","3","1","3","18","4","3"
"758","4","3","0","2","5","2","1"
"760","8","3","3","6","12","3","9"
"791","4","3","1","2","5","3","0"
"796","4","3","1","2","6","2","6"
"799","5","3","1","4","9","4","9"
"802","5","3","4","3","6","3","0"
"815","4","3","0","3","30","3","5"
"827","4","3","0","2","8","4","9"
"837","4","3","1","2","13","3","2"
"854","4","3","0","1","6","3","7"
"865","5","3","1","3","9","3","5"
"879","5","3","0","3","5","3","1"
"894","5","3","1","3","17","1","2"
"910","4","3","0","3","7","4","3"
"912","4","3","0","3","8","5","6"
"983","5","3","1","3","6","1","1"
"996","5","3","0","2","8","2","3"
"1011","4","3","0","3","4","1","1"
"1019","4","3","1","1","4","3","1"
"1032","5","3","4","3","30","4","3"
"1045","9","3","1","1","26","4","3"
"1049","6","3","0","4","6","3","1"
"1062","4","3","0","1","8","3","3"
"1068","5","3","1","3","5","5","1"
"1083","5","3","1","3","6","2","1"
"1136","5","3","0","4","6","2","0"
"1173","4","3","1","2","6","2","8"
"1179","10","3","1","4","10","3","1"
"1188","4","3","1","3","7","2","8"
"1211","4","3","0","3","8","3","8"
"1228","6","3","1","4","12","3","2"
"1231","4","3","0","3","10","3","7"
"1240","4","3","1","1","5","4","0"
"1259","5","3","0","3","5","2","1"
"1338","7","3","7","7","36","4","6"
"1349","9","3","1","7","10","2","0"
"1387","5","3","0","4","5","0","1"
"1401","5","3","0","2","24","3","2"
"1407","4","3","1","1","5","2","0"
"1420","4","3","1","3","20","2","3"
"1431","4","3","1","3","10","2","5"
"1446","4","3","0","3","7","3","4"
"1477","4","3","0","3","5","2","0"
"1487","5","3","0","0","7","4","5"
"1499","5","3","1","3","6","3","0"
"1533","4","3","1","2","5","2","0"
"1545","5","3","0","2","5","2","1"
"1554","5","3","4","2","6","5","0"
"1563","6","3","1","2","10","2","3"
"1622","5","3","0","0","6","5","0"
"1631","4","3","0","2","9","2","3"
"1646","6","3","1","3","6","2","1"
"1659","4","3","1","3","15","4","2"
"1675","4","3","3","3","4","3","1"
"1689","4","3","1","2","11","2","3"
"1700","6","3","1","3","6","2","1"
"1707","5","3","0","4","5","1","1"
"1709","5","3","1","2","9","2","9"
"1739","4","3","0","2","10","2","3"
"1768","5","3","0","4","7","6","8"
"1772","5","3","0","4","5","2","1"
"1792","5","3","2","3","6","2","1"
"1799","5","3","0","3","5","6","1"
"1800","4","3","2","2","9","3","7"
"1802","4","3","0","2","7","5","4"
"1809","10","3","0","8","10","4","1"
"1822","5","3","0","3","12","3","4"
"1836","5","3","1","2","5","4","1"
"1854","6","3","3","3","10","1","3"
"1882","5","3","1","0","9","3","2"
"1885","5","3","0","4","16","2","5"
"1931","5","3","1","2","6","3","1"
"1945","5","3","0","4","6","2","0"
"1947","5","3","1","4","5","3","1"
"1954","5","3","0","2","6","5","0"
"1969","4","3","2","3","9","6","3"
"1981","4","3","1","2","4","2","1"
"1997","8","3","7","7","10","1","2"
"1998","4","3","1","2","9","3","6"
"1999","5","3","1","0","12","3","3"
"2018","5","3","0","4","6","3","0"
"2020","4","3","1","2","6","2","6"
"2044","6","3","0","1","12","3","7"
"2045","6","3","0","0","8","2","4"
"2046","5","3","0","1","8","3","8"
"2051","5","3","0","2","20","2","2"
"2052","4","3","1","1","4","5","1"
"2053","4","3","0","3","10","2","4"
"2068","4","3","1","2","6","3","2"
"7","2","2","2","2","6","3","9"
"16","5","2","4","3","5","1","1"
"18","2","2","1","2","3","2","0"
"19","4","2","0","3","6","4","5"
"21","6","2","0","5","7","5","0"
"24","3","2","1","2","6","3","5"
"26","4","2","1","3","5","5","0"
"31","4","2","1","3","8","2","2"
"33","10","2","6","7","10","5","1"
"38","2","2","2","1","22","2","3"
"40","4","2","1","3","9","5","2"
"47","3","2","0","2","3","2","1"
"49","2","2","2","2","2","3","1"
"65","2","2","2","2","2","3","1"
"72","2","2","0","0","5","2","7"
"75","2","2","2","2","4","3","3"
"88","3","2","1","2","5","2","4"
"102","5","2","0","2","16","3","4"
"103","4","2","0","2","16","2","8"
"110","5","2","1","3","5","2","1"
"116","4","2","0","3","10","4","3"
"128","3","2","0","2","4","2","0"
"132","3","2","1","2","17","3","4"
"133","3","2","0","2","7","3","4"
"140","3","2","2","2","30","3","9"
"143","2","2","2","1","2","2","1"
"171","3","2","1","2","18","2","4"
"174","2","2","2","1","16","3","4"
"175","2","2","2","2","4","2","3"
"178","3","2","0","1","7","0","6"
"179","4","2","0","3","18","2","2"
"183","2","2","2","2","6","3","2"
"193","3","2","2","2","19","2","3"
"197","3","2","2","2","8","3","5"
"217","2","2","2","2","2","6","1"
"218","2","2","2","2","6","1","6"
"221","5","2","0","2","5","2","1"
"233","5","2","1","1","6","3","0"
"241","2","2","2","2","19","3","4"
"245","2","2","2","1","2","3","1"
"246","4","2","0","2","7","0","8"
"247","3","2","1","2","9","3","2"
"249","3","2","0","2","5","2","2"
"250","4","2","1","3","5","3","1"
"269","6","2","1","2","10","5","5"
"274","2","2","2","0","6","1","5"
"281","7","2","3","7","15","2","8"
"284","4","2","2","2","4","2","1"
"287","3","2","0","2","5","5","9"
"288","4","2","0","3","17","3","7"
"297","5","2","0","4","8","5","5"
"300","6","2","1","5","7","1","0"
"303","6","2","0","5","16","4","2"
"305","3","2","1","1","7","3","6"
"316","2","2","2","2","6","3","7"
"321","2","2","2","2","7","2","8"
"331","3","2","1","2","4","2","0"
"332","3","2","1","2","7","1","7"
"333","3","2","2","2","4","2","0"
"337","2","2","2","2","9","3","9"
"338","2","2","0","2","2","2","1"
"341","3","2","0","2","9","1","4"
"347","3","2","0","2","10","1","3"
"349","3","2","0","2","10","2","2"
"350","4","2","1","2","5","3","0"
"362","6","2","0","4","9","5","4"
"377","5","2","0","4","5","3","1"
"379","3","2","1","0","3","4","1"
"380","5","2","0","2","15","2","2"
"393","2","2","1","2","10","2","9"
"394","3","2","0","2","5","2","2"
"396","3","2","1","2","22","4","9"
"399","2","2","2","2","2","5","1"
"403","4","2","1","2","4","3","1"
"423","5","2","0","3","6","4","0"
"424","2","2","1","0","9","1","3"
"426","2","2","2","2","3","2","0"
"433","8","2","7","7","11","3","2"
"440","3","2","2","2","5","4","5"
"447","3","2","1","1","21","2","4"
"455","3","2","2","2","4","2","0"
"460","6","2","0","4","8","2","7"
"465","4","2","0","2","4","2","1"
"470","3","2","1","0","4","5","0"
"475","2","2","2","2","4","2","7"
"478","3","2","1","2","3","3","1"
"482","3","2","1","2","15","2","2"
"484","3","2","2","2","3","3","1"
"493","2","2","2","2","3","5","0"
"495","3","2","1","2","6","4","9"
"497","5","2","0","4","5","2","1"
"499","5","2","0","0","26","2","8"
"501","2","2","2","2","6","3","4"
"502","5","2","0","4","9","3","8"
"507","5","2","0","3","5","2","1"
"517","5","2","1","2","8","5","3"
"522","4","2","1","2","24","4","4"
"523","3","2","1","2","6","3","9"
"525","3","2","1","2","8","1","7"
"526","5","2","0","2","8","3","4"
"530","4","2","3","2","4","3","1"
"538","2","2","0","2","6","5","5"
"544","2","2","0","2","8","3","3"
"546","5","2","1","4","31","2","2"
"555","2","2","1","0","3","3","0"
"560","3","2","0","2","3","3","1"
"564","10","2","0","7","10","2","1"
"565","2","2","1","1","6","2","5"
"575","3","2","0","1","26","2","6"
"580","3","2","1","2","15","3","2"
"585","3","2","1","2","4","3","0"
"590","3","2","0","2","11","2","9"
"591","2","2","2","0","8","4","4"
"593","2","2","1","2","4","3","5"
"611","3","2","1","2","8","2","4"
"624","2","2","1","2","28","3","5"
"631","4","2","1","2","6","2","8"
"632","2","2","2","1","3","3","0"
"652","3","2","0","2","9","3","4"
"659","10","2","2","2","10","4","1"
"664","3","2","0","2","21","3","7"
"665","2","2","0","2","10","1","4"
"666","8","2","0","6","8","3","1"
"669","3","2","1","2","3","2","1"
"671","2","2","0","1","26","2","4"
"675","2","2","2","2","3","3","0"
"686","3","2","0","2","3","2","1"
"699","3","2","0","2","13","2","2"
"700","4","2","1","1","5","0","0"
"705","3","2","0","2","5","3","2"
"707","3","2","1","2","4","4","0"
"712","2","2","2","2","12","3","3"
"720","2","2","2","0","4","3","9"
"732","2","2","2","2","10","1","8"
"738","2","2","2","2","4","2","7"
"744","5","2","1","4","9","5","2"
"746","22","2","11","13","28","2","9"
"752","2","2","2","2","7","2","6"
"754","2","2","2","2","7","5","3"
"763","4","2","2","3","5","2","0"
"766","2","2","2","2","2","2","1"
"769","2","2","2","2","19","4","2"
"784","2","2","0","2","2","3","1"
"787","5","2","1","4","24","2","5"
"792","2","2","2","0","5","2","3"
"797","4","2","1","3","10","2","2"
"800","4","2","1","1","5","3","0"
"805","3","2","0","2","3","1","1"
"806","2","2","0","2","7","2","3"
"808","3","2","1","2","6","1","5"
"813","5","2","1","4","9","3","8"
"819","3","2","0","2","6","3","5"
"826","2","2","2","2","7","0","3"
"828","2","2","2","1","5","3","6"
"829","5","2","0","4","8","2","4"
"838","5","2","1","3","6","3","1"
"847","3","2","0","2","4","1","0"
"852","5","2","2","3","10","2","9"
"859","5","2","0","3","8","3","2"
"862","5","2","0","4","35","3","7"
"872","2","2","2","2","4","2","6"
"874","3","2","0","2","10","2","2"
"881","10","2","7","8","10","3","1"
"885","5","2","0","3","5","1","1"
"887","4","2","0","2","7","2","2"
"888","5","2","3","4","6","2","0"
"893","2","2","1","2","3","3","0"
"896","3","2","0","2","5","3","6"
"902","5","2","2","2","12","2","4"
"916","4","2","0","2","4","3","1"
"922","2","2","0","2","2","3","1"
"925","3","2","1","2","3","3","1"
"926","3","2","0","2","4","3","0"
"930","2","2","2","2","6","2","5"
"932","2","2","2","2","8","2","7"
"939","3","2","0","2","6","1","3"
"949","6","2","0","1","8","6","2"
"975","5","2","1","0","5","3","1"
"991","3","2","1","2","4","0","0"
"995","3","2","0","2","5","4","3"
"1001","2","2","2","2","4","2","9"
"1004","5","2","0","1","7","2","4"
"1009","4","2","3","2","5","6","1"
"1010","4","2","0","2","5","2","1"
"1017","3","2","1","2","4","3","0"
"1022","2","2","2","2","19","0","2"
"1025","2","2","2","1","8","6","6"
"1027","3","2","2","2","4","2","0"
"1028","3","2","1","2","3","4","1"
"1037","2","2","2","2","7","6","8"
"1044","2","2","2","2","3","2","0"
"1053","3","2","1","2","6","2","6"
"1060","2","2","2","2","8","2","3"
"1069","2","2","2","2","23","0","9"
"1077","2","2","0","2","2","3","1"
"1084","6","2","0","2","7","1","0"
"1094","3","2","1","2","3","4","1"
"1096","3","2","1","2","23","4","3"
"1099","3","2","1","2","9","2","4"
"1102","4","2","2","2","4","5","1"
"1103","6","2","0","4","7","1","0"
"1108","2","2","2","2","5","0","4"
"1114","3","2","0","2","4","3","0"
"1131","2","2","2","2","2","6","1"
"1135","2","2","2","2","3","4","0"
"1137","5","2","0","2","5","3","1"
"1140","3","2","0","2","5","3","2"
"1157","5","2","0","3","6","3","0"
"1160","2","2","2","2","2","5","1"
"1161","6","2","1","3","9","2","7"
"1162","4","2","2","2","4","0","1"
"1185","2","2","2","2","2","2","1"
"1191","5","2","4","2","28","2","4"
"1195","3","2","0","2","7","2","4"
"1198","2","2","1","2","2","2","1"
"1215","2","2","2","2","32","3","2"
"1217","4","2","0","3","25","2","5"
"1234","2","2","2","2","2","2","1"
"1243","13","2","4","12","16","6","4"
"1249","3","2","1","2","3","5","1"
"1279","2","2","2","2","2","2","1"
"1281","3","2","0","2","4","3","0"
"1286","4","2","0","2","5","2","0"
"1291","3","2","2","2","4","3","0"
"1296","2","2","2","2","2","2","1"
"1301","3","2","1","2","5","2","2"
"1303","2","2","2","1","2","3","1"
"1308","2","2","2","2","2","3","1"
"1310","5","2","0","3","6","2","0"
"1311","9","2","6","7","10","6","0"
"1317","3","2","1","2","25","2","4"
"1329","19","2","11","9","19","4","1"
"1331","3","2","2","2","3","2","1"
"1333","3","2","1","2","10","4","4"
"1340","4","2","0","0","6","0","9"
"1358","3","2","1","2","7","6","3"
"1361","4","2","0","3","7","3","3"
"1367","5","2","0","3","29","1","3"
"1371","6","2","0","0","8","3","3"
"1380","4","2","3","2","5","0","0"
"1382","4","2","0","3","4","2","1"
"1389","10","2","6","7","10","3","1"
"1391","4","2","3","2","14","5","2"
"1392","6","2","3","3","12","4","3"
"1396","3","2","1","2","4","3","0"
"1399","3","2","1","2","6","3","2"
"1403","6","2","4","4","6","3","1"
"1405","8","2","7","7","8","2","1"
"1411","3","2","0","2","8","6","4"
"1412","2","2","2","2","10","2","2"
"1415","3","2","0","2","7","2","4"
"1428","3","2","0","2","8","3","7"
"1430","3","2","1","0","9","3","3"
"1436","3","2","0","2","11","3","4"
"1439","3","2","2","2","6","2","3"
"1441","3","2","1","0","5","3","2"
"1448","4","2","0","3","7","5","2"
"1461","3","2","0","2","8","3","9"
"1464","2","2","2","2","7","2","6"
"1466","2","2","2","2","15","3","4"
"1467","2","2","2","2","2","0","1"
"1471","5","2","0","3","7","5","3"
"1473","3","2","1","2","20","0","2"
"1475","5","2","1","3","6","3","1"
"1486","3","2","1","2","5","3","3"
"1496","2","2","2","2","16","2","5"
"1501","3","2","1","2","4","2","0"
"1507","4","2","1","3","5","5","0"
"1509","3","2","1","2","10","3","4"
"1513","3","2","0","2","4","3","0"
"1516","5","2","0","0","10","5","2"
"1537","7","2","7","7","7","2","1"
"1552","2","2","2","2","8","2","3"
"1556","3","2","1","2","7","3","3"
"1560","2","2","2","2","8","6","2"
"1568","4","2","1","3","9","3","3"
"1573","5","2","1","4","7","2","4"
"1576","8","2","7","6","10","3","8"
"1580","2","2","2","1","9","3","9"
"1583","3","2","1","2","8","5","2"
"1587","5","2","0","4","10","4","3"
"1592","2","2","2","2","4","2","2"
"1594","3","2","0","2","9","3","3"
"1597","8","2","7","7","8","3","1"
"1605","4","2","1","3","4","2","1"
"1607","3","2","0","2","6","3","3"
"1613","5","2","0","3","10","3","7"
"1614","3","2","1","1","7","2","9"
"1623","2","2","2","2","3","2","1"
"1625","5","2","1","0","27","2","3"
"1633","9","2","3","8","10","2","0"
"1641","4","2","3","3","18","2","6"
"1644","2","2","2","2","23","3","2"
"1645","2","2","2","2","7","2","6"
"1647","3","2","0","2","5","0","7"
"1648","4","2","1","2","6","0","2"
"1649","4","2","0","3","10","3","3"
"1650","5","2","1","4","8","2","9"
"1651","3","2","0","2","9","6","4"
"1655","4","2","1","2","27","2","3"
"1657","2","2","2","2","2","3","1"
"1662","3","2","1","2","4","6","0"
"1670","6","2","0","4","6","5","1"
"1674","2","2","2","2","17","2","4"
"1676","3","2","1","2","29","2","6"
"1680","2","2","0","2","2","3","1"
"1682","3","2","0","2","10","2","6"
"1683","2","2","2","2","8","2","4"
"1694","4","2","1","2","8","1","5"
"1702","3","2","0","2","3","2","1"
"1718","3","2","0","2","3","3","1"
"1720","5","2","1","3","10","3","6"
"1721","5","2","0","3","6","2","1"
"1722","3","2","1","2","10","4","6"
"1725","6","2","1","2","6","2","1"
"1733","2","2","2","2","16","3","5"
"1735","3","2","1","2","3","3","1"
"1746","2","2","2","1","3","2","0"
"1747","4","2","1","2","6","0","6"
"1749","5","2","0","2","6","3","1"
"1751","6","2","1","4","6","5","1"
"1752","2","2","2","2","2","3","1"
"1753","3","2","0","2","10","5","8"
"1775","3","2","0","2","27","2","4"
"1779","2","2","2","2","6","3","5"
"1786","2","2","2","2","15","2","2"
"1787","5","2","0","3","5","2","1"
"1801","2","2","2","2","6","3","8"
"1813","3","2","1","2","7","2","4"
"1814","3","2","1","2","11","3","3"
"1833","3","2","2","2","9","3","2"
"1834","3","2","1","2","3","3","1"
"1835","4","2","0","3","20","4","2"
"1837","2","2","2","2","23","3","2"
"1844","2","2","2","0","4","3","4"
"1856","2","2","2","0","7","2","4"
"1858","3","2","2","2","3","2","1"
"1862","2","2","2","2","7","3","7"
"1871","2","2","2","2","7","2","8"
"1873","5","2","0","4","19","2","8"
"1883","3","2","1","2","11","2","3"
"1886","3","2","0","2","4","2","0"
"1905","5","2","3","0","5","2","1"
"1907","4","2","1","0","5","3","1"
"1908","4","2","1","3","12","1","2"
"1912","5","2","1","4","8","2","2"
"1915","4","2","0","1","9","3","3"
"1916","2","2","2","2","4","0","8"
"1922","4","2","0","3","12","3","4"
"1929","3","2","1","2","10","1","6"
"1940","5","2","0","3","10","0","2"
"1948","4","2","2","3","4","3","1"
"1968","2","2","2","2","15","2","6"
"1972","6","2","1","2","7","2","0"
"1980","5","2","1","4","9","3","6"
"1982","5","2","1","4","5","6","1"
"1992","2","2","0","2","7","2","6"
"1996","2","2","1","2","3","1","0"
"2003","2","2","2","2","5","3","7"
"2007","3","2","1","2","4","2","0"
"2010","6","2","4","1","6","3","1"
"2013","2","2","2","2","3","2","0"
"2021","2","2","1","2","2","6","1"
"2025","4","2","0","2","18","3","7"
"2027","2","2","2","2","4","3","9"
"2038","4","2","1","2","4","4","1"
"2048","2","2","2","2","8","2","2"
"2049","10","2","0","2","10","2","1"
"2055","3","2","2","0","20","3","4"
"2060","4","2","0","0","5","2","0"
"2061","5","2","0","3","17","3","4"
"2064","6","2","0","3","6","0","1"
"39","1","1","0","0","7","3","4"
"51","1","1","0","0","6","3","9"
"95","1","1","1","0","1","4","1"
"169","2","1","2","1","3","2","0"
"224","1","1","0","1","1","2","1"
"242","3","1","0","2","4","2","0"
"286","8","1","1","7","8","2","1"
"340","3","1","0","2","17","2","2"
"359","5","1","0","3","5","3","1"
"408","4","1","1","2","13","3","5"
"431","7","1","0","7","25","2","7"
"496","1","1","0","0","10","5","9"
"511","2","1","1","2","2","1","1"
"612","6","1","0","5","10","2","4"
"650","3","1","1","2","9","2","2"
"684","1","1","0","0","5","4","2"
"730","5","1","1","3","32","3","3"
"757","5","1","4","3","10","2","3"
"843","4","1","1","0","22","3","6"
"869","5","1","0","4","6","6","1"
"875","2","1","2","2","8","2","5"
"933","1","1","0","0","1","2","1"
"964","1","1","0","0","3","2","8"
"970","14","1","11","7","17","2","5"
"974","3","1","0","2","3","5","1"
"1006","2","1","0","2","3","0","0"
"1047","15","1","0","9","16","2","0"
"1055","1","1","0","0","1","2","1"
"1061","8","1","7","7","29","2","2"
"1107","1","1","0","0","1","0","1"
"1154","3","1","0","2","3","2","1"
"1175","1","1","0","0","1","4","1"
"1180","1","1","0","0","16","3","3"
"1193","1","1","0","0","1","4","1"
"1226","2","1","2","2","2","2","1"
"1239","5","1","1","3","7","2","7"
"1248","1","1","0","0","1","2","1"
"1254","6","1","0","5","13","2","5"
"1321","9","1","0","8","9","2","1"
"1465","3","1","1","2","10","4","4"
"1474","3","1","1","2","8","3","2"
"1479","2","1","2","2","4","2","8"
"1551","1","1","0","0","2","3","0"
"1555","7","1","2","5","12","2","3"
"1604","1","1","0","0","1","3","1"
"1757","5","1","0","4","8","1","3"
"1760","6","1","0","5","9","4","4"
"1789","2","1","2","2","24","3","7"
"1807","7","1","0","7","11","3","4"
"1812","2","1","2","2","7","6","2"
"1818","5","1","1","4","6","3","0"
"1830","7","1","1","7","14","2","4"
"1890","10","1","0","8","10","2","1"
"1939","4","1","0","3","8","2","3"
"1955","5","1","1","2","9","6","5"
"1960","4","1","0","3","6","2","5"
"1994","1","1","0","0","1","2","1"
"4","0","0","0","0","7","3","6"
"10","1","0","0","0","12","3","4"
"11","1","0","0","0","1","2","1"
"22","1","0","0","0","1","2","1"
"30","0","0","0","0","0","6","1"
"41","10","0","1","8","10","5","1"
"42","1","0","0","0","19","6","3"
"45","2","0","2","0","6","2","2"
"53","1","0","0","0","1","3","1"
"54","1","0","0","0","1","6","1"
"55","1","0","0","1","1","2","1"
"61","1","0","0","0","8","1","4"
"63","1","0","0","1","1","2","1"
"64","1","0","0","0","23","2","9"
"70","4","0","2","3","10","3","2"
"84","5","0","0","2","21","2","2"
"86","1","0","0","0","25","2","2"
"90","1","0","0","0","2","0","0"
"97","1","0","0","0","5","3","3"
"101","0","0","0","0","17","3","4"
"106","1","0","1","0","24","4","3"
"113","0","0","0","0","3","3","3"
"134","1","0","0","0","1","2","1"
"137","1","0","1","0","1","5","1"
"139","1","0","0","0","17","2","5"
"144","0","0","0","0","1","5","1"
"151","1","0","0","0","12","3","6"
"155","1","0","0","0","7","2","5"
"167","0","0","0","0","0","2","1"
"200","5","0","1","4","7","2","2"
"201","1","0","0","0","1","3","1"
"211","1","0","0","0","10","2","2"
"214","1","0","0","0","9","3","4"
"235","0","0","0","0","1","5","0"
"243","1","0","1","0","1","3","1"
"261","1","0","0","1","8","1","3"
"271","1","0","0","0","14","3","9"
"282","1","0","0","0","17","2","7"
"298","1","0","0","0","16","3","3"
"309","1","0","0","0","7","6","3"
"323","7","0","0","6","32","3","3"
"334","1","0","0","0","17","2","2"
"336","24","0","1","7","25","2","0"
"342","1","0","0","0","17","5","6"
"353","1","0","0","0","1","0","1"
"364","0","0","0","0","5","5","2"
"366","0","0","0","0","10","2","2"
"367","9","0","7","8","10","2","0"
"382","8","0","7","7","8","3","1"
"392","1","0","0","0","19","0","3"
"397","8","0","7","7","10","2","4"
"405","0","0","0","0","0","2","1"
"407","1","0","0","0","4","2","4"
"411","0","0","0","0","0","2","1"
"445","1","0","0","0","12","3","4"
"451","1","0","0","0","10","1","8"
"467","0","0","0","0","5","3","3"
"468","1","0","0","0","16","2","2"
"471","8","0","0","7","8","4","1"
"473","0","0","0","0","15","3","3"
"477","1","0","0","0","14","6","3"
"479","1","0","0","0","7","6","4"
"485","1","0","0","0","1","2","1"
"487","1","0","0","0","7","2","2"
"494","1","0","0","0","1","0","1"
"508","1","0","0","0","1","3","1"
"514","1","0","0","0","3","4","9"
"518","1","0","0","1","18","2","2"
"521","1","0","0","0","20","3","6"
"536","10","0","1","8","10","2","1"
"556","1","0","0","0","1","3","1"
"566","1","0","0","0","1","3","1"
"568","1","0","0","0","32","3","3"
"574","5","0","0","4","20","2","5"
"578","1","0","0","0","19","3","7"
"587","1","0","0","0","12","2","3"
"614","0","0","0","0","0","3","1"
"615","1","0","0","1","20","2","3"
"618","0","0","0","0","8","5","5"
"622","1","0","0","0","1","3","1"
"634","1","0","0","0","18","4","3"
"643","1","0","0","0","1","2","1"
"648","1","0","0","0","1","2","1"
"656","3","0","1","0","17","3","4"
"657","1","0","0","0","1","0","1"
"661","1","0","0","0","21","3","4"
"662","0","0","0","0","8","3","3"
"677","5","0","1","2","6","3","0"
"680","1","0","0","0","1","2","1"
"690","6","0","1","2","6","5","1"
"701","1","0","1","1","1","5","1"
"704","1","0","0","0","1","3","1"
"715","1","0","0","0","4","2","3"
"743","1","0","0","0","10","4","4"
"749","1","0","0","0","1","6","1"
"771","1","0","0","0","16","2","2"
"773","1","0","0","1","6","0","6"
"775","0","0","0","0","7","3","3"
"811","0","0","0","0","1","2","1"
"812","1","0","0","0","1","4","1"
"816","1","0","0","0","1","1","1"
"832","1","0","0","0","10","6","6"
"833","0","0","0","0","12","4","5"
"834","1","0","0","0","1","3","1"
"850","0","0","0","0","0","6","1"
"868","1","0","0","0","9","2","4"
"882","3","0","0","2","4","2","0"
"897","2","0","2","2","28","3","5"
"904","10","0","0","9","10","2","1"
"911","1","0","0","1","1","2","1"
"918","1","0","0","0","3","3","9"
"920","1","0","0","0","4","2","4"
"923","1","0","0","0","1","3","1"
"934","1","0","1","0","1","3","1"
"940","6","0","0","4","24","3","2"
"945","0","0","0","0","13","2","4"
"951","3","0","0","2","5","3","6"
"952","1","0","0","0","1","2","1"
"954","1","0","0","0","11","2","2"
"959","1","0","0","0","1","3","1"
"960","1","0","0","0","1","2","1"
"969","5","0","1","4","6","3","0"
"977","1","0","0","0","7","4","4"
"986","1","0","0","0","22","2","4"
"994","0","0","0","0","3","5","6"
"1003","9","0","0","7","9","0","1"
"1012","0","0","0","0","0","2","1"
"1016","1","0","0","0","1","2","1"
"1029","1","0","0","0","21","3","6"
"1030","1","0","0","0","8","5","4"
"1033","1","0","0","0","15","2","5"
"1036","1","0","0","0","19","1","8"
"1052","1","0","0","0","9","3","7"
"1056","1","0","0","0","1","5","1"
"1076","1","0","0","0","18","5","5"
"1079","1","0","1","0","1","6","1"
"1081","10","0","2","7","18","2","9"
"1105","1","0","0","0","8","5","2"
"1111","1","0","0","0","1","2","1"
"1113","0","0","0","0","5","4","3"
"1115","0","0","0","0","6","2","3"
"1125","1","0","0","0","10","2","7"
"1148","1","0","0","0","16","3","4"
"1156","0","0","0","0","0","0","1"
"1158","1","0","0","0","6","4","3"
"1172","8","0","1","7","10","2","6"
"1190","1","0","0","0","1","3","1"
"1203","0","0","0","0","1","5","0"
"1206","0","0","0","0","6","3","2"
"1210","1","0","0","0","5","2","6"
"1212","0","0","0","0","5","2","5"
"1219","1","0","0","0","1","3","1"
"1242","1","0","0","0","20","6","3"
"1256","1","0","0","0","23","2","2"
"1258","1","0","0","0","7","4","5"
"1260","6","0","1","0","6","2","1"
"1263","1","0","0","0","25","3","6"
"1265","1","0","0","0","2","5","0"
"1269","1","0","0","1","1","2","1"
"1270","1","0","0","1","1","2","1"
"1273","1","0","1","0","1","4","1"
"1292","1","0","0","0","18","2","6"
"1297","7","0","7","7","8","6","0"
"1306","0","0","0","0","22","4","3"
"1364","1","0","0","0","5","4","8"
"1368","0","0","0","0","0","5","1"
"1379","1","0","0","0","3","3","7"
"1427","1","0","0","0","1","3","1"
"1433","1","0","0","0","1","3","1"
"1434","5","0","1","4","6","3","0"
"1458","1","0","0","0","11","2","2"
"1481","1","0","0","0","11","4","7"
"1482","1","0","0","0","1","2","1"
"1492","1","0","0","0","1","3","1"
"1494","0","0","0","0","4","2","2"
"1495","1","0","0","0","1","2","1"
"1504","0","0","0","0","8","2","7"
"1506","1","0","0","0","1","2","1"
"1515","0","0","0","0","14","6","2"
"1525","2","0","2","2","9","3","4"
"1542","1","0","0","0","4","3","4"
"1558","1","0","0","0","5","2","6"
"1564","3","0","1","2","3","3","1"
"1569","1","0","0","0","1","2","1"
"1577","1","0","0","0","1","4","1"
"1581","1","0","0","0","1","5","1"
"1585","1","0","0","0","15","5","6"
"1591","1","0","0","0","27","2","4"
"1595","1","0","0","1","24","2","8"
"1601","1","0","0","1","1","5","1"
"1602","26","0","0","12","27","5","1"
"1624","0","0","0","0","0","2","1"
"1669","10","0","0","9","10","3","1"
"1673","10","0","0","2","10","2","1"
"1678","2","0","0","2","21","2","3"
"1687","0","0","0","0","7","5","7"
"1692","1","0","0","0","1","2","1"
"1697","1","0","0","0","19","2","3"
"1714","1","0","0","0","1","2","1"
"1724","1","0","0","0","18","3","2"
"1729","10","0","0","8","10","2","1"
"1731","1","0","0","0","4","3","7"
"1734","0","0","0","0","10","2","6"
"1744","5","0","0","3","9","2","4"
"1755","5","0","1","2","6","3","0"
"1758","0","0","0","0","11","2","2"
"1761","1","0","0","0","10","2","2"
"1762","1","0","0","0","1","2","1"
"1763","7","0","1","7","10","3","3"
"1766","1","0","1","0","15","2","3"
"1767","1","0","0","0","6","4","9"
"1770","1","0","0","0","34","2","8"
"1780","1","0","1","0","1","3","1"
"1783","1","0","0","0","1","6","1"
"1794","10","0","4","7","19","4","2"
"1803","0","0","0","0","10","2","5"
"1839","0","0","0","0","0","4","1"
"1842","1","0","0","0","2","4","0"
"1847","1","0","0","0","15","2","4"
"1853","0","0","0","0","4","2","8"
"1859","7","0","1","6","11","3","8"
"1860","0","0","0","0","8","3","4"
"1865","1","0","0","0","1","3","1"
"1868","1","0","1","0","1","3","1"
"1875","1","0","0","0","1","3","1"
"1876","1","0","0","0","1","3","1"
"1878","1","0","0","0","1","2","1"
"1893","1","0","1","0","1","3","1"
"1903","2","0","2","2","10","5","2"
"1928","1","0","0","0","1","3","1"
"1933","2","0","2","2","6","0","3"
"1935","0","0","0","0","6","3","4"
"1936","10","0","7","9","10","3","1"
"1938","1","0","0","0","29","2","4"
"1943","0","0","0","0","14","4","3"
"1944","1","0","0","0","1","2","1"
"1961","1","0","0","0","20","3","4"
"1966","1","0","0","0","8","1","8"
"1974","1","0","0","0","1","4","1"
"1987","2","0","1","2","6","3","4"
"2012","1","0","0","0","8","3","8"
"2022","6","0","1","3","21","3","2"
"2023","1","0","1","0","1","3","1"
"2040","9","0","1","7","9","2","1"
